,trail,roc_auc_val
0,Milford Trails,0.4816540477577169
1,Tower Park,0.7986767485822306
2,Devou Park,0.8330502717391305
3,England Idlewild,0.8379001173118821
4,Hueston Woods,0.7564499484004128
5,Premier Health Bike Park,0.8206947524020696
6,Caesar Creek,0.7650004316670983
7,Harbin Park,0.8047008547008547
8,Mount Airy Forest,0.8053351573187415
9,Mitchell Memorial Forest,0.7704630012401819
10,East Fork State Park,0.837125
11,Landen Deerfield,0.741678939617084
