,trail,log_loss_val
0,Milford Trails,0.31130122533190757
1,Tower Park,0.42633916483416284
2,Devou Park,0.46592809942227326
3,England Idlewild,0.42382457126270917
4,Hueston Woods,0.5141902986327477
5,Premier Health Bike Park,0.4439617510988453
6,Caesar Creek,0.537290169468124
7,Harbin Park,0.4780455688991827
8,Mount Airy Forest,0.4961018374698816
9,Mitchell Memorial Forest,0.5199787332695992
10,East Fork State Park,0.49277469362958887
11,Landen Deerfield,0.5473447657453809
