,trail,log_loss_val
0,Caesar Creek,0.3837146317674494
1,Devou Park,0.3964304509518312
2,East Fork State Park,0.3578117853424778
3,England Idlewild,0.40656646211873615
4,Harbin Park,0.433227231570094
5,Hueston Woods,0.46294407738444704
6,Landen Deerfield,0.4097403302029052
7,Milford Trails,0.27094860041320035
8,Mitchell Memorial Forest,0.4842309203696936
9,Mount Airy Forest,0.48426170910492605
10,Premier Health Bike Park,0.46099542788543124
11,Tower Park,0.4054977601113751
